<?xml version="1.0" encoding="UTF-8"?>
<project-private xmlns="http://www.netbeans.org/ns/project-private/1">
    <editor-bookmarks xmlns="http://www.netbeans.org/ns/editor-bookmarks/2" lastBookmarkId="0"/>
    <open-files xmlns="http://www.netbeans.org/ns/projectui-open-files/2">
        <group>
            <file>file:/C:/Users/Roman/Documents/Ryerson/3rd%20Year/COE%20628/lab8/src/coe628/lab8/ProducerConsumer.java</file>
            <file>file:/C:/Users/Roman/Documents/Ryerson/3rd%20Year/COE%20628/lab8/src/coe628/lab8/Semaphore.java</file>
        </group>
    </open-files>
</project-private>
